,game_id,true_outcome_result
0,ANA201704070,-4.0
1,ANA201704080,-13.0
2,ANA201704090,-4.0
3,ANA201704110,-5.0
4,ANA201704120,-2.0
5,ANA201704130,-4.0
6,ANA201704210,14.0
7,ANA201704220,-17.0
8,ANA201704230,-1.0
9,ANA201704240,1.0
10,ANA201704250,-2.0
11,ANA201704260,4.0
12,ANA201704270,-21.0
13,ANA201705050,-22.0
14,ANA201705060,-17.0
15,ANA201705070,3.0
16,ANA201705110,0.0
17,ANA201705120,-13.0
18,ANA201705130,11.0
19,ANA201705140,17.0
20,ANA201705150,-2.0
21,ANA201705160,-31.0
22,ANA201705170,0.0
23,ANA201705290,4.0
24,ANA201705300,-12.0
25,ANA201705310,-23.0
26,ANA201706010,-1.0
27,ANA201706020,-10.0
28,ANA201706030,2.0
29,ANA201706040,1.0
30,ANA201706120,15.0
31,ANA201706130,5.0
32,ANA201706140,-31.0
33,ANA201706150,-33.0
34,ANA201706160,-22.0
35,ANA201706170,11.0
36,ANA201706180,3.0
37,ANA201706280,5.0
38,ANA201706290,7.0
39,ANA201706300,-24.0
40,ANA201707010,-15.0
41,ANA201707020,-13.0
42,ANA201707140,-6.0
43,ANA201707150,-13.0
44,ANA201707160,18.0
45,ANA201707180,-9.0
46,ANA201707190,-1.0
47,ANA201707210,-2.0
48,ANA201707220,-4.0
49,ANA201707230,-19.0
50,ANA201708010,-22.0
51,ANA201708020,-29.0
52,ANA201708030,-1.0
53,ANA201708040,-2.0
54,ANA201708050,-24.0
55,ANA201708060,6.0
56,ANA201708070,-14.0
57,ANA201708080,-3.0
58,ANA201708090,-1.0
59,ANA201708210,-5.0
60,ANA201708220,-1.0
61,ANA201708230,-16.0
62,ANA201708240,-5.0
63,ANA201708250,0.0
64,ANA201708260,1.0
65,ANA201708270,12.0
66,ANA201708280,19.0
67,ANA201708290,5.0
68,ANA201708300,19.0
69,ANA201709120,-7.0
70,ANA201709130,-9.0
71,ANA201709140,-24.0
72,ANA201709150,-5.0
73,ANA201709160,11.0
74,ANA201709170,20.0
75,ANA201709190,-17.0
76,ANA201709200,-11.0
77,ANA201709210,8.0
78,ANA201709290,14.0
79,ANA201709300,-2.0
80,ARI201704020,-5.0
81,ARI201704040,13.0
82,ARI201704050,-11.0
83,ARI201704060,16.0
84,ARI201704070,0.0
85,ARI201704080,-16.0
86,ARI201704090,-24.0
87,ARI201704210,4.0
88,ARI201704220,8.0
89,ARI201704230,-8.0
90,ARI201704240,10.0
91,ARI201704250,1.0
92,ARI201704260,22.0
93,ARI201704270,-2.0
94,ARI201704280,0.0
95,ARI201704290,17.0
96,ARI201704300,16.0
97,ARI201705090,29.0
98,ARI201705100,-2.0
99,ARI201705110,2.0
100,ARI201705120,0.0
101,ARI201705130,-7.0
102,ARI201705140,9.0
103,ARI201705150,19.0
104,ARI201705160,16.0
105,ARI201705170,1.0
106,ARI201705220,-2.0
107,ARI201705230,-17.0
108,ARI201705240,-1.0
109,ARI201706060,46.0
110,ARI201706070,28.0
111,ARI201706080,12.0
112,ARI201706090,1.0
113,ARI201706100,0.0
114,ARI201706110,27.0
115,ARI201706230,-7.0
116,ARI201706240,-18.0
117,ARI201706250,-4.0
118,ARI201706260,17.0
119,ARI201706270,-1.0
120,ARI201706280,16.0
121,ARI201706290,11.0
122,ARI201706300,21.0
123,ARI201707010,-6.0
124,ARI201707020,-5.0
125,ARI201707070,-13.0
126,ARI201707080,12.0
127,ARI201707090,-1.0
128,ARI201707210,36.0
129,ARI201707220,7.0
130,ARI201707230,3.0
131,ARI201707240,11.0
132,ARI201707250,26.0
133,ARI201707260,13.0
134,ARI201708080,10.0
135,ARI201708090,1.0
136,ARI201708100,12.0
137,ARI201708110,13.0
138,ARI201708120,4.0
139,ARI201708130,27.0
140,ARI201708140,-5.0
141,ARI201708150,25.0
142,ARI201708250,-16.0
143,ARI201708260,0.0
144,ARI201708270,26.0
145,ARI201708290,14.0
146,ARI201708300,13.0
147,ARI201708310,11.0
148,ARI201709080,1.0
149,ARI201709090,-5.0
150,ARI201709100,27.0
151,ARI201709110,-4.0
152,ARI201709120,6.0
153,ARI201709130,-17.0
154,ARI201709140,0.0
155,ARI201709220,3.0
156,ARI201709230,11.0
157,ARI201709240,8.0
158,ARI201709250,5.0
159,ARI201709260,1.0
160,ATL201704140,-7.0
161,ATL201704150,-8.0
162,ATL201704160,13.0
163,ATL201704170,-9.0
164,ATL201704180,-5.0
165,ATL201704190,-5.0
166,ATL201704200,4.0
167,ATL201705010,-7.0
168,ATL201705020,-12.0
169,ATL201705030,-27.0
170,ATL201705050,15.0
171,ATL201705060,-24.0
172,ATL201705070,9.0
173,ATL201705170,0.0
174,ATL201705180,0.0
175,ATL201705190,0.0
176,ATL201705200,0.0
177,ATL201705210,-3.0
178,ATL201705220,-13.0
179,ATL201705230,-31.0
180,ATL201705240,12.0
181,ATL201705250,-39.0
182,ATL201706050,-2.0
183,ATL201706060,-28.0
184,ATL201706070,-11.0
185,ATL201706080,-25.0
186,ATL201706090,-10.0
187,ATL201706101,-1.0
188,ATL201706102,-10.0
189,ATL201706110,0.0
190,ATL201706160,-7.0
191,ATL201706170,-2.0
192,ATL201706180,-12.0
193,ATL201706190,-14.0
194,ATL201706200,-36.0
195,ATL201706210,0.0
196,ATL201706220,-29.0
197,ATL201706230,38.0
198,ATL201706240,-7.0
199,ATL201706250,-28.0
200,ATL201707040,-7.0
201,ATL201707050,-24.0
202,ATL201707140,-12.0
203,ATL201707150,-3.0
204,ATL201707160,5.0
205,ATL201707170,-6.0
206,ATL201707180,-4.0
207,ATL201707190,-1.0
208,ATL201708010,-7.0
209,ATL201708020,-2.0
210,ATL201708030,22.0
211,ATL201708040,-16.0
212,ATL201708050,4.0
213,ATL201708060,-26.0
214,ATL201708080,-15.0
215,ATL201708090,-15.0
216,ATL201708180,3.0
217,ATL201708190,-14.0
218,ATL201708200,-8.0
219,ATL201708210,-36.0
220,ATL201708220,-10.0
221,ATL201708230,5.0
222,ATL201708250,-17.0
223,ATL201708260,-1.0
224,ATL201708270,2.0
225,ATL201709040,-16.0
226,ATL201709061,9.0
227,ATL201709062,-2.0
228,ATL201709070,-3.0
229,ATL201709080,12.0
230,ATL201709090,2.0
231,ATL201709100,-15.0
232,ATL201709150,-7.0
233,ATL201709160,-18.0
234,ATL201709170,4.0
235,ATL201709190,-21.0
236,ATL201709200,22.0
237,ATL201709210,-17.0
238,ATL201709220,5.0
239,ATL201709230,-22.0
240,BAL201704030,-26.0
241,BAL201704050,8.0
242,BAL201704070,9.0
243,BAL201704080,-5.0
244,BAL201704090,9.0
245,BAL201704210,-26.0
246,BAL201704220,-15.0
247,BAL201704230,-2.0
248,BAL201704240,19.0
249,BAL201704250,9.0
250,BAL201704260,-15.0
251,BAL201705050,-25.0
252,BAL201705060,-10.0
253,BAL201705070,-32.0
254,BAL201705080,4.0
255,BAL201705090,9.0
256,BAL201705190,10.0
257,BAL201705200,4.0
258,BAL201705210,1.0
259,BAL201705220,-8.0
260,BAL201705230,-6.0
261,BAL201705240,8.0
262,BAL201705290,-5.0
263,BAL201705300,1.0
264,BAL201705310,-9.0
265,BAL201706010,-14.0
266,BAL201706020,-6.0
267,BAL201706030,-8.0
268,BAL201706040,-1.0
269,BAL201706060,4.0
270,BAL201706070,4.0
271,BAL201706160,20.0
272,BAL201706170,29.0
273,BAL201706180,9.0
274,BAL201706190,-5.0
275,BAL201706200,-7.0
276,BAL201706210,4.0
277,BAL201706220,10.0
278,BAL201706300,13.0
279,BAL201707010,-3.0
280,BAL201707020,-6.0
281,BAL201707140,25.0
282,BAL201707150,-17.0
283,BAL201707160,-2.0
284,BAL201707170,-13.0
285,BAL201707180,12.0
286,BAL201707190,-6.0
287,BAL201707200,1.0
288,BAL201707210,-12.0
289,BAL201707220,3.0
290,BAL201707230,-1.0
291,BAL201707310,-16.0
292,BAL201708010,-26.0
293,BAL201708020,-7.0
294,BAL201708030,-14.0
295,BAL201708040,11.0
296,BAL201708050,9.0
297,BAL201708060,-20.0
298,BAL201708180,-6.0
299,BAL201708190,12.0
300,BAL201708200,6.0
301,BAL201708210,19.0
302,BAL201708220,-11.0
303,BAL201708230,29.0
304,BAL201708280,-14.0
305,BAL201708290,25.0
306,BAL201708300,1.0
307,BAL201708310,-13.0
308,BAL201709010,0.0
309,BAL201709020,1.0
310,BAL201709030,-13.0
311,BAL201709040,29.0
312,BAL201709050,5.0
313,BAL201709070,-1.0
314,BAL201709180,-6.0
315,BAL201709190,-11.0
316,BAL201709200,17.0
317,BAL201709210,-7.0
318,BAL201709220,-4.0
319,BAL201709230,5.0
320,BOS201704030,-14.0
321,BOS201704050,-8.0
322,BOS201704110,-24.0
323,BOS201704120,-11.0
324,BOS201704130,2.0
325,BOS201704140,-10.0
326,BOS201704150,13.0
327,BOS201704160,1.0
328,BOS201704170,-10.0
329,BOS201704260,27.0
330,BOS201704270,-25.0
331,BOS201704280,24.0
332,BOS201704290,-10.0
333,BOS201704300,12.0
334,BOS201705010,-14.0
335,BOS201705020,-3.0
336,BOS201705030,-20.0
337,BOS201705040,-37.0
338,BOS201705120,-13.0
339,BOS201705130,34.0
340,BOS201705140,11.0
341,BOS201705230,-13.0
342,BOS201705240,-13.0
343,BOS201705250,28.0
344,BOS201705260,-3.0
345,BOS201705270,-20.0
346,BOS201705280,-23.0
347,BOS201706090,-5.0
348,BOS201706100,-3.0
349,BOS201706110,-1.0
350,BOS201706120,-22.0
351,BOS201706130,-19.0
352,BOS201706230,2.0
353,BOS201706240,-5.0
354,BOS201706250,-20.0
355,BOS201706260,14.0
356,BOS201706270,0.0
357,BOS201706280,5.0
358,BOS201706290,-19.0
359,BOS201707140,20.0
360,BOS201707150,4.0
361,BOS201707161,-7.0
362,BOS201707162,-1.0
363,BOS201707170,13.0
364,BOS201707180,-17.0
365,BOS201707190,-3.0
366,BOS201707200,21.0
367,BOS201707280,-21.0
368,BOS201707290,-7.0
369,BOS201707300,-30.0
370,BOS201707310,-15.0
371,BOS201708010,2.0
372,BOS201708030,-11.0
373,BOS201708040,9.0
374,BOS201708050,1.0
375,BOS201708060,-1.0
376,BOS201708140,23.0
377,BOS201708150,-14.0
378,BOS201708160,-2.0
379,BOS201708180,12.0
380,BOS201708190,0.0
381,BOS201708200,-16.0
382,BOS201708250,-35.0
383,BOS201708260,-5.0
384,BOS201708270,5.0
385,BOS201709040,4.0
386,BOS201709050,-7.0
387,BOS201709060,-1.0
388,BOS201709080,15.0
389,BOS201709090,5.0
390,BOS201709100,-4.0
391,BOS201709120,5.0
392,BOS201709130,-10.0
393,BOS201709140,3.0
394,BOS201709250,-11.0
395,BOS201709260,26.0
396,BOS201709270,7.0
397,BOS201709280,-4.0
398,BOS201709290,-2.0
399,BOS201709300,13.0
400,CHA201704040,10.0
401,CHA201704060,26.0
402,CHA201704070,-9.0
403,CHA201704080,-12.0
404,CHA201704090,-1.0
405,CHA201704210,17.0
406,CHA201704220,-14.0
407,CHA201704230,38.0
408,CHA201704240,-16.0
409,CHA201704250,-2.0
410,CHA201704260,1.0
411,CHA201705090,-9.0
412,CHA201705110,18.0
413,CHA201705120,-10.0
414,CHA201705130,34.0
415,CHA201705140,-4.0
416,CHA201705260,5.0
417,CHA201705271,16.0
418,CHA201705272,26.0
419,CHA201705280,-12.0
420,CHA201705290,20.0
421,CHA201705300,32.0
422,CHA201705310,-5.0
423,CHA201706120,-3.0
424,CHA201706130,-24.0
425,CHA201706140,-16.0
426,CHA201706150,-2.0
427,CHA201706230,-2.0
428,CHA201706240,10.0
429,CHA201706250,-3.0
430,CHA201706260,-7.0
431,CHA201706270,24.0
432,CHA201706280,14.0
433,CHA201706290,-14.0
434,CHA201706300,-11.0
435,CHA201707010,26.0
436,CHA201707020,23.0
437,CHA201707140,-9.0
438,CHA201707150,-4.0
439,CHA201707160,1.0
440,CHA201707180,-9.0
441,CHA201707190,5.0
442,CHA201707260,13.0
443,CHA201707270,-9.0
444,CHA201707280,-5.0
445,CHA201707290,13.0
446,CHA201707300,11.0
447,CHA201707310,-7.0
448,CHA201708010,-10.0
449,CHA201708020,2.0
450,CHA201708080,6.0
451,CHA201708090,-13.0
452,CHA201708100,-1.0
453,CHA201708110,-1.0
454,CHA201708120,-3.0
455,CHA201708130,23.0
456,CHA201708211,19.0
457,CHA201708212,-6.0
458,CHA201708220,-7.0
459,CHA201708230,11.0
460,CHA201708240,19.0
461,CHA201708250,-1.0
462,CHA201708260,1.0
463,CHA201708270,-1.0
464,CHA201709010,-16.0
465,CHA201709020,17.0
466,CHA201709030,21.0
467,CHA201709040,6.0
468,CHA201709050,10.0
469,CHA201709060,-3.0
470,CHA201709070,23.0
471,CHA201709080,5.0
472,CHA201709090,6.0
473,CHA201709100,2.0
474,CHA201709220,-29.0
475,CHA201709230,-12.0
476,CHA201709240,-3.0
477,CHA201709250,-7.0
478,CHA201709260,-15.0
479,CHA201709270,15.0
480,CHN201704100,9.0
481,CHN201704120,20.0
482,CHN201704130,1.0
483,CHN201704140,-24.0
484,CHN201704150,8.0
485,CHN201704160,-11.0
486,CHN201704170,-13.0
487,CHN201704180,-3.0
488,CHN201704190,27.0
489,CHN201705010,2.0
490,CHN201705020,5.0
491,CHN201705030,-1.0
492,CHN201705040,-22.0
493,CHN201705050,18.0
494,CHN201705060,-13.0
495,CHN201705070,38.0
496,CHN201705160,-19.0
497,CHN201705170,4.0
498,CHN201705180,0.0
499,CHN201705190,5.0
500,CHN201705210,3.0
501,CHN201705220,-10.0
502,CHN201705230,14.0
503,CHN201705240,-3.0
504,CHN201705250,-10.0
505,CHN201706020,22.0
506,CHN201706030,0.0
507,CHN201706040,19.0
508,CHN201706050,-25.0
509,CHN201706060,6.0
510,CHN201706070,9.0
511,CHN201706080,-14.0
512,CHN201706090,45.0
513,CHN201706100,-3.0
514,CHN201706110,-4.0
515,CHN201706190,10.0
516,CHN201706200,15.0
517,CHN201706210,1.0
518,CHN201707040,5.0
519,CHN201707050,-6.0
520,CHN201707060,1.0
521,CHN201707070,-2.0
522,CHN201707080,3.0
523,CHN201707090,-14.0
524,CHN201707210,-8.0
525,CHN201707220,-2.0
526,CHN201707230,16.0
527,CHN201707240,-7.0
528,CHN201707250,44.0
529,CHN201708010,9.0
530,CHN201708020,15.0
531,CHN201708030,47.0
532,CHN201708040,2.0
533,CHN201708050,23.0
534,CHN201708060,17.0
535,CHN201708140,0.0
536,CHN201708150,13.0
537,CHN201708160,24.0
538,CHN201708170,18.0
539,CHN201708180,-6.0
540,CHN201708190,4.0
541,CHN201708200,-2.0
542,CHN201708280,-19.0
543,CHN201708290,8.0
544,CHN201708300,3.0
545,CHN201708310,9.0
546,CHN201709010,-11.0
547,CHN201709020,16.0
548,CHN201709030,-5.0
549,CHN201709080,29.0
550,CHN201709090,6.0
551,CHN201709100,6.0
552,CHN201709120,17.0
553,CHN201709130,24.0
554,CHN201709140,15.0
555,CHN201709150,14.0
556,CHN201709160,9.0
557,CHN201709170,13.0
558,CHN201709290,-13.0
559,CHN201709300,27.0
560,CIN201704030,-2.0
561,CIN201704050,9.0
562,CIN201704060,16.0
563,CIN201704130,-27.0
564,CIN201704140,5.0
565,CIN201704150,17.0
566,CIN201704160,9.0
567,CIN201704180,6.0
568,CIN201704190,-4.0
569,CIN201704200,14.0
570,CIN201704210,17.0
571,CIN201704220,43.0
572,CIN201704230,-4.0
573,CIN201705010,10.0
574,CIN201705020,10.0
575,CIN201705030,7.0
576,CIN201705040,-24.0
577,CIN201705050,2.0
578,CIN201705060,-19.0
579,CIN201705070,-1.0
580,CIN201705080,-10.0
581,CIN201705090,9.0
582,CIN201705190,8.0
583,CIN201705200,0.0
584,CIN201705210,2.0
585,CIN201705220,-5.0
586,CIN201705230,4.0
587,CIN201706020,-7.0
588,CIN201706030,-12.0
589,CIN201706040,-3.0
590,CIN201706050,4.0
591,CIN201706060,8.0
592,CIN201706070,-9.0
593,CIN201706080,-20.0
594,CIN201706160,2.0
595,CIN201706170,10.0
596,CIN201706180,13.0
597,CIN201706270,16.0
598,CIN201706280,21.0
599,CIN201706290,30.0
600,CIN201706300,1.0
601,CIN201707010,6.0
602,CIN201707020,4.0
603,CIN201707140,2.0
604,CIN201707150,31.0
605,CIN201707160,14.0
606,CIN201707170,17.0
607,CIN201707180,1.0
608,CIN201707190,-4.0
609,CIN201707200,20.0
610,CIN201707210,-20.0
611,CIN201707220,10.0
612,CIN201707230,-7.0
613,CIN201708040,-18.0
614,CIN201708050,21.0
615,CIN201708060,-8.0
616,CIN201708070,9.0
617,CIN201708080,1.0
618,CIN201708090,0.0
619,CIN201708100,16.0
620,CIN201708220,9.0
621,CIN201708230,15.0
622,CIN201708240,21.0
623,CIN201708250,34.0
624,CIN201708260,-10.0
625,CIN201708270,0.0
626,CIN201708290,14.0
627,CIN201708300,-14.0
628,CIN201708310,0.0
629,CIN201709040,-8.0
630,CIN201709050,24.0
631,CIN201709060,7.0
632,CIN201709150,24.0
633,CIN201709160,-8.0
634,CIN201709170,35.0
635,CIN201709190,2.0
636,CIN201709200,1.0
637,CIN201709210,9.0
638,CIN201709220,-5.0
639,CIN201709230,15.0
640,CLE201704110,26.0
641,CLE201704120,14.0
642,CLE201704130,-7.0
643,CLE201704140,1.0
644,CLE201704150,4.0
645,CLE201704160,5.0
646,CLE201704250,-12.0
647,CLE201704260,26.0
648,CLE201704270,16.0
649,CLE201704280,8.0
650,CLE201704290,19.0
651,CLE201704300,-24.0
652,CLE201705120,-10.0
653,CLE201705130,4.0
654,CLE201705140,-7.0
655,CLE201705150,30.0
656,CLE201705160,17.0
657,CLE201705170,-1.0
658,CLE201705240,-10.0
659,CLE201705260,0.0
660,CLE201705270,11.0
661,CLE201705280,-36.0
662,CLE201705290,6.0
663,CLE201705300,6.0
664,CLE201705310,12.0
665,CLE201706010,12.0
666,CLE201706090,-2.0
667,CLE201706100,-22.0
668,CLE201706110,1.0
669,CLE201706130,1.0
670,CLE201706140,-12.0
671,CLE201706150,20.0
672,CLE201706230,-8.0
673,CLE201706240,8.0
674,CLE201706250,-4.0
675,CLE201706260,21.0
676,CLE201706270,22.0
677,CLE201706280,-6.0
678,CLE201706290,-1.0
679,CLE201707040,12.0
680,CLE201707050,-5.0
681,CLE201707060,-10.0
682,CLE201707070,-2.0
683,CLE201707080,-14.0
684,CLE201707090,-8.0
685,CLE201707210,-4.0
686,CLE201707220,22.0
687,CLE201707230,12.0
688,CLE201707240,14.0
689,CLE201707250,4.0
690,CLE201707260,-22.0
691,CLE201707270,-2.0
692,CLE201708030,8.0
693,CLE201708040,9.0
694,CLE201708050,25.0
695,CLE201708060,8.0
696,CLE201708080,-1.0
697,CLE201708090,7.0
698,CLE201708210,15.0
699,CLE201708220,-8.0
700,CLE201708230,41.0
701,CLE201708240,21.0
702,CLE201708250,-33.0
703,CLE201708260,3.0
704,CLE201708270,-4.0
705,CLE201709080,19.0
706,CLE201709090,-2.0
707,CLE201709100,-17.0
708,CLE201709110,-4.0
709,CLE201709120,-7.0
710,CLE201709130,11.0
711,CLE201709140,-31.0
712,CLE201709150,5.0
713,CLE201709160,-29.0
714,CLE201709170,11.0
715,CLE201709260,-16.0
716,CLE201709270,16.0
717,CLE201709280,3.0
718,CLE201709290,15.0
719,CLE201709300,-15.0
720,COL201704070,11.0
721,COL201704080,-5.0
722,COL201704090,0.0
723,COL201704100,11.0
724,COL201704110,12.0
725,COL201704120,-1.0
726,COL201704210,-19.0
727,COL201704220,3.0
728,COL201704230,-20.0
729,COL201704240,-20.0
730,COL201704250,-27.0
731,COL201704260,-4.0
732,COL201704270,-22.0
733,COL201705050,-14.0
734,COL201705060,7.0
735,COL201705070,-15.0
736,COL201705091,-13.0
737,COL201705092,20.0
738,COL201705100,0.0
739,COL201705110,4.0
740,COL201705120,-6.0
741,COL201705130,25.0
742,COL201705140,6.0
743,COL201705260,-19.0
744,COL201705270,4.0
745,COL201705280,-7.0
746,COL201705290,5.0
747,COL201705300,-23.0
748,COL201706060,6.0
749,COL201706070,-4.0
750,COL201706150,-3.0
751,COL201706160,-6.0
752,COL201706170,-25.0
753,COL201706180,3.0
754,COL201706200,-1.0
755,COL201706210,-1.0
756,COL201706220,7.0
757,COL201707030,4.0
758,COL201707040,-25.0
759,COL201707050,-1.0
760,COL201707060,-3.0
761,COL201707070,-17.0
762,COL201707080,4.0
763,COL201707090,10.0
764,COL201707170,-4.0
765,COL201707180,13.0
766,COL201707190,-8.0
767,COL201707210,-16.0
768,COL201707220,1.0
769,COL201707230,4.0
770,COL201708010,-14.0
771,COL201708020,-13.0
772,COL201708030,6.0
773,COL201708040,-15.0
774,COL201708050,-9.0
775,COL201708060,-4.0
776,COL201708140,-17.0
777,COL201708150,2.0
778,COL201708160,21.0
779,COL201708170,-20.0
780,COL201708180,2.0
781,COL201708190,-9.0
782,COL201708200,11.0
783,COL201708280,-15.0
784,COL201708290,8.0
785,COL201708300,13.0
786,COL201709010,24.0
787,COL201709020,9.0
788,COL201709030,22.0
789,COL201709040,4.0
790,COL201709050,1.0
791,COL201709060,2.0
792,COL201709150,-22.0
793,COL201709160,-5.0
794,COL201709170,0.0
795,COL201709250,-14.0
796,COL201709260,-7.0
797,COL201709270,-19.0
798,COL201709290,-7.0
799,COL201709300,-10.0
800,DET201704070,4.0
801,DET201704080,18.0
802,DET201704090,-3.0
803,DET201704100,-1.0
804,DET201704110,-10.0
805,DET201704120,1.0
806,DET201704130,11.0
807,DET201704250,-20.0
808,DET201704260,-2.0
809,DET201704270,-1.0
810,DET201704280,-13.0
811,DET201704290,2.0
812,DET201704300,-11.0
813,DET201705010,19.0
814,DET201705020,14.0
815,DET201705030,-1.0
816,DET201705160,-5.0
817,DET201705170,-20.0
818,DET201705180,-10.0
819,DET201705190,26.0
820,DET201705200,-3.0
821,DET201705210,2.0
822,DET201706020,-17.0
823,DET201706030,-24.0
824,DET201706040,-5.0
825,DET201706060,-8.0
826,DET201706070,5.0
827,DET201706080,-34.0
828,DET201706130,-19.0
829,DET201706140,-7.0
830,DET201706150,-13.0
831,DET201706160,-14.0
832,DET201706170,0.0
833,DET201706180,14.0
834,DET201706270,-2.0
835,DET201706280,-23.0
836,DET201706290,-4.0
837,DET201707011,-3.0
838,DET201707012,-1.0
839,DET201707020,11.0
840,DET201707040,-24.0
841,DET201707050,-20.0
842,DET201707060,4.0
843,DET201707140,16.0
844,DET201707150,-2.0
845,DET201707160,-4.0
846,DET201707240,-4.0
847,DET201707250,-28.0
848,DET201707260,-22.0
849,DET201707280,-16.0
850,DET201707290,-17.0
851,DET201707300,8.0
852,DET201708090,-4.0
853,DET201708100,-22.0
854,DET201708110,-8.0
855,DET201708120,-28.0
856,DET201708130,3.0
857,DET201708180,-1.0
858,DET201708190,7.0
859,DET201708200,3.0
860,DET201708220,-10.0
861,DET201708230,7.0
862,DET201708240,11.0
863,DET201709011,-7.0
864,DET201709012,-7.0
865,DET201709020,-41.0
866,DET201709030,-8.0
867,DET201709040,-28.0
868,DET201709050,5.0
869,DET201709060,-22.0
870,DET201709140,7.0
871,DET201709150,-4.0
872,DET201709160,-42.0
873,DET201709170,-10.0
874,DET201709180,-9.0
875,DET201709190,26.0
876,DET201709200,-8.0
877,DET201709210,-5.0
878,DET201709220,-7.0
879,DET201709230,-20.0
880,HOU201704030,-2.0
881,HOU201704040,-6.0
882,HOU201704050,-7.0
883,HOU201704060,15.0
884,HOU201704070,-10.0
885,HOU201704080,-10.0
886,HOU201704090,18.0
887,HOU201704170,-13.0
888,HOU201704180,4.0
889,HOU201704190,-5.0
890,HOU201704200,23.0
891,HOU201704280,-5.0
892,HOU201704290,9.0
893,HOU201704300,8.0
894,HOU201705010,0.0
895,HOU201705020,24.0
896,HOU201705030,2.0
897,HOU201705040,25.0
898,HOU201705090,2.0
899,HOU201705100,-1.0
900,HOU201705190,22.0
901,HOU201705200,-9.0
902,HOU201705210,32.0
903,HOU201705220,16.0
904,HOU201705230,1.0
905,HOU201705240,-3.0
906,HOU201705250,-3.0
907,HOU201705260,-31.0
908,HOU201705270,2.0
909,HOU201705280,4.0
910,HOU201706090,-27.0
911,HOU201706100,-6.0
912,HOU201706110,22.0
913,HOU201706120,-7.0
914,HOU201706130,19.0
915,HOU201706140,23.0
916,HOU201706160,-8.0
917,HOU201706170,-17.0
918,HOU201706180,24.0
919,HOU201706270,-10.0
920,HOU201706280,10.0
921,HOU201706290,11.0
922,HOU201706300,-20.0
923,HOU201707010,3.0
924,HOU201707020,15.0
925,HOU201707140,21.0
926,HOU201707150,0.0
927,HOU201707160,12.0
928,HOU201707170,-1.0
929,HOU201707180,-5.0
930,HOU201707190,-5.0
931,HOU201707310,-7.0
932,HOU201708010,-6.0
933,HOU201708020,-17.0
934,HOU201708030,-3.0
935,HOU201708040,-9.0
936,HOU201708050,11.0
937,HOU201708060,0.0
938,HOU201708160,11.0
939,HOU201708170,-5.0
940,HOU201708180,-24.0
941,HOU201708190,-14.0
942,HOU201708200,-1.0
943,HOU201708220,-9.0
944,HOU201708230,-15.0
945,HOU201708240,-10.0
946,HOU201708290,-6.0
947,HOU201708300,-6.0
948,HOU201708310,-10.0
949,HOU201709021,16.0
950,HOU201709022,-2.0
951,HOU201709030,-24.0
952,HOU201709150,3.0
953,HOU201709160,-16.0
954,HOU201709170,-1.0
955,HOU201709190,-5.0
956,HOU201709200,-1.0
957,HOU201709210,15.0
958,HOU201709220,4.0
959,HOU201709230,-6.0
960,KCA201704100,8.0
961,KCA201704120,-20.0
962,KCA201704130,-8.0
963,KCA201704140,-9.0
964,KCA201704150,13.0
965,KCA201704160,18.0
966,KCA201704180,-18.0
967,KCA201704190,-11.0
968,KCA201704280,-15.0
969,KCA201704300,-18.0
970,KCA201705010,-13.0
971,KCA201705020,-18.0
972,KCA201705030,-23.0
973,KCA201705040,-5.0
974,KCA201705050,9.0
975,KCA201705060,-3.0
976,KCA201705070,2.0
977,KCA201705120,-4.0
978,KCA201705130,16.0
979,KCA201705140,-3.0
980,KCA201705160,-30.0
981,KCA201705170,-7.0
982,KCA201705180,20.0
983,KCA201705290,-4.0
984,KCA201705300,-9.0
985,KCA201705310,-24.0
986,KCA201706020,-33.0
987,KCA201706030,-18.0
988,KCA201706040,-9.0
989,KCA201706050,-4.0
990,KCA201706060,-17.0
991,KCA201706070,6.0
992,KCA201706080,-8.0
993,KCA201706190,-27.0
994,KCA201706200,-10.0
995,KCA201706210,3.0
996,KCA201706230,-18.0
997,KCA201706240,-13.0
998,KCA201706250,-13.0
999,KCA201706300,-17.0
1000,KCA201707011,11.0
1001,KCA201707012,-25.0
1002,KCA201707020,-7.0
1003,KCA201707140,-26.0
1004,KCA201707150,-18.0
1005,KCA201707160,-2.0
1006,KCA201707170,-4.0
1007,KCA201707180,-41.0
1008,KCA201707190,-6.0
1009,KCA201707200,-19.0
1010,KCA201707210,-10.0
1011,KCA201707220,-5.0
1012,KCA201707230,-3.0
1013,KCA201708030,-25.0
1014,KCA201708040,-22.0
1015,KCA201708061,4.0
1016,KCA201708062,-17.0
1017,KCA201708070,-2.0
1018,KCA201708080,13.0
1019,KCA201708180,-6.0
1020,KCA201708190,0.0
1021,KCA201708200,-24.0
1022,KCA201708220,0.0
1023,KCA201708230,-9.0
1024,KCA201708240,-5.0
1025,KCA201708280,-15.0
1026,KCA201708290,15.0
1027,KCA201708300,-11.0
1028,KCA201709070,-31.0
1029,KCA201709080,-12.0
1030,KCA201709090,-13.0
1031,KCA201709100,-20.0
1032,KCA201709110,-12.0
1033,KCA201709120,-26.0
1034,KCA201709130,-12.0
1035,KCA201709260,-10.0
1036,KCA201709270,-11.0
1037,KCA201709280,-29.0
1038,KCA201709290,9.0
1039,KCA201709300,1.0
1040,LAN201704030,9.0
1041,LAN201704040,-11.0
1042,LAN201704050,16.0
1043,LAN201704060,5.0
1044,LAN201704140,-16.0
1045,LAN201704150,-2.0
1046,LAN201704160,0.0
1047,LAN201704170,39.0
1048,LAN201704180,18.0
1049,LAN201704190,2.0
1050,LAN201704280,-4.0
1051,LAN201704290,-5.0
1052,LAN201704300,20.0
1053,LAN201705010,-8.0
1054,LAN201705020,6.0
1055,LAN201705030,5.0
1056,LAN201705080,13.0
1057,LAN201705090,-11.0
1058,LAN201705100,-14.0
1059,LAN201705180,15.0
1060,LAN201705190,6.0
1061,LAN201705200,12.0
1062,LAN201705210,-11.0
1063,LAN201705230,28.0
1064,LAN201705240,-2.0
1065,LAN201705250,1.0
1066,LAN201705260,32.0
1067,LAN201705270,14.0
1068,LAN201705280,28.0
1069,LAN201706050,-8.0
1070,LAN201706060,8.0
1071,LAN201706070,16.0
1072,LAN201706090,14.0
1073,LAN201706100,-20.0
1074,LAN201706110,3.0
1075,LAN201706190,36.0
1076,LAN201706200,19.0
1077,LAN201706210,31.0
1078,LAN201706220,24.0
1079,LAN201706230,-6.0
1080,LAN201706240,18.0
1081,LAN201706250,27.0
1082,LAN201706260,1.0
1083,LAN201706270,-10.0
1084,LAN201707040,14.0
1085,LAN201707050,27.0
1086,LAN201707060,47.0
1087,LAN201707070,-1.0
1088,LAN201707080,-6.0
1089,LAN201707090,15.0
1090,LAN201707200,-5.0
1091,LAN201707210,-12.0
1092,LAN201707220,-2.0
1093,LAN201707230,9.0
1094,LAN201707240,4.0
1095,LAN201707250,-15.0
1096,LAN201707260,-11.0
1097,LAN201707280,11.0
1098,LAN201707290,-13.0
1099,LAN201707300,-10.0
1100,LAN201708110,30.0
1101,LAN201708120,4.0
1102,LAN201708130,0.0
1103,LAN201708150,-7.0
1104,LAN201708160,-17.0
1105,LAN201708250,25.0
1106,LAN201708260,17.0
1107,LAN201708270,28.0
1108,LAN201709040,35.0
1109,LAN201709050,9.0
1110,LAN201709060,4.0
1111,LAN201709070,7.0
1112,LAN201709080,21.0
1113,LAN201709090,-2.0
1114,LAN201709100,25.0
1115,LAN201709220,20.0
1116,LAN201709230,-30.0
1117,LAN201709240,-18.0
1118,LAN201709250,18.0
1119,LAN201709260,1.0
1120,MIA201704110,5.0
1121,MIA201704120,-11.0
1122,MIA201704130,-4.0
1123,MIA201704140,-7.0
1124,MIA201704150,21.0
1125,MIA201704160,-2.0
1126,MIA201704280,-10.0
1127,MIA201704290,-12.0
1128,MIA201704300,-8.0
1129,MIA201705010,7.0
1130,MIA201705020,17.0
1131,MIA201705080,-2.0
1132,MIA201705090,-23.0
1133,MIA201705100,0.0
1134,MIA201705120,6.0
1135,MIA201705130,-13.0
1136,MIA201705140,-4.0
1137,MIA201705150,1.0
1138,MIA201705160,2.0
1139,MIA201705170,-12.0
1140,MIA201705260,-13.0
1141,MIA201705270,-12.0
1142,MIA201705280,14.0
1143,MIA201705290,-16.0
1144,MIA201705300,11.0
1145,MIA201705310,20.0
1146,MIA201706010,17.0
1147,MIA201706020,-17.0
1148,MIA201706030,4.0
1149,MIA201706040,0.0
1150,MIA201706130,-6.0
1151,MIA201706140,-3.0
1152,MIA201706190,-9.0
1153,MIA201706200,4.0
1154,MIA201706210,20.0
1155,MIA201706220,-15.0
1156,MIA201706230,-5.0
1157,MIA201706240,-13.0
1158,MIA201706250,5.0
1159,MIA201706270,-3.0
1160,MIA201706280,-8.0
1161,MIA201706290,-24.0
1162,MIA201707140,-9.0
1163,MIA201707150,2.0
1164,MIA201707160,17.0
1165,MIA201707170,17.0
1166,MIA201707180,-26.0
1167,MIA201707190,-6.0
1168,MIA201707270,-3.0
1169,MIA201707280,33.0
1170,MIA201707290,3.0
1171,MIA201707300,1.0
1172,MIA201707310,-9.0
1173,MIA201708010,-17.0
1174,MIA201708020,-15.0
1175,MIA201708110,-2.0
1176,MIA201708120,-15.0
1177,MIA201708130,-10.0
1178,MIA201708140,-27.0
1179,MIA201708150,-32.0
1180,MIA201708160,-15.0
1181,MIA201708250,-10.0
1182,MIA201708260,-15.0
1183,MIA201708270,1.0
1184,MIA201708310,5.0
1185,MIA201709010,-1.0
1186,MIA201709020,-2.0
1187,MIA201709030,-17.0
1188,MIA201709040,-2.0
1189,MIA201709050,-20.0
1190,MIA201709060,-11.0
1191,MIA201709150,27.0
1192,MIA201709160,0.0
1193,MIA201709170,-35.0
1194,MIA201709180,5.0
1195,MIA201709190,-4.0
1196,MIA201709200,-20.0
1197,MIA201709280,-3.0
1198,MIA201709290,-2.0
1199,MIA201709300,-17.0
1200,MIL201704030,16.0
1201,MIL201704040,7.0
1202,MIL201704050,11.0
1203,MIL201704060,10.0
1204,MIL201704070,18.0
1205,MIL201704080,11.0
1206,MIL201704090,16.0
1207,MIL201704200,21.0
1208,MIL201704210,-4.0
1209,MIL201704220,-16.0
1210,MIL201704230,13.0
1211,MIL201704240,3.0
1212,MIL201704250,-1.0
1213,MIL201704260,7.0
1214,MIL201704280,0.0
1215,MIL201704290,-20.0
1216,MIL201704300,-2.0
1217,MIL201705090,-10.0
1218,MIL201705100,-26.0
1219,MIL201705110,11.0
1220,MIL201705120,12.0
1221,MIL201705130,-17.0
1222,MIL201705140,-16.0
1223,MIL201705230,0.0
1224,MIL201705240,8.0
1225,MIL201705250,-1.0
1226,MIL201705260,1.0
1227,MIL201705270,11.0
1228,MIL201705280,-6.0
1229,MIL201706020,60.0
1230,MIL201706030,16.0
1231,MIL201706040,20.0
1232,MIL201706050,1.0
1233,MIL201706060,-33.0
1234,MIL201706070,0.0
1235,MIL201706080,0.0
1236,MIL201706160,20.0
1237,MIL201706170,36.0
1238,MIL201706180,3.0
1239,MIL201706190,-10.0
1240,MIL201706200,0.0
1241,MIL201706210,15.0
1242,MIL201706220,5.0
1243,MIL201706300,3.0
1244,MIL201707010,4.0
1245,MIL201707020,20.0
1246,MIL201707030,-4.0
1247,MIL201707040,18.0
1248,MIL201707050,4.0
1249,MIL201707140,22.0
1250,MIL201707150,26.0
1251,MIL201707160,-2.0
1252,MIL201707280,-2.0
1253,MIL201707290,33.0
1254,MIL201707300,0.0
1255,MIL201708010,22.0
1256,MIL201708020,25.0
1257,MIL201708030,12.0
1258,MIL201708090,-1.0
1259,MIL201708100,-23.0
1260,MIL201708110,16.0
1261,MIL201708120,34.0
1262,MIL201708130,10.0
1263,MIL201708150,-20.0
1264,MIL201708160,29.0
1265,MIL201708290,2.0
1266,MIL201708300,7.0
1267,MIL201708310,-17.0
1268,MIL201709010,36.0
1269,MIL201709020,-5.0
1270,MIL201709030,14.0
1271,MIL201709110,2.0
1272,MIL201709120,14.0
1273,MIL201709130,-10.0
1274,MIL201709210,-1.0
1275,MIL201709220,5.0
1276,MIL201709230,-1.0
1277,MIL201709240,7.0
1278,MIL201709260,11.0
1279,MIL201709270,-15.0
1280,MIN201704030,6.0
1281,MIN201704050,12.0
1282,MIN201704060,8.0
1283,MIN201704140,-19.0
1284,MIN201704150,-7.0
1285,MIN201704160,2.0
1286,MIN201704170,-5.0
1287,MIN201704180,-23.0
1288,MIN201704200,8.0
1289,MIN201704210,-2.0
1290,MIN201704220,8.0
1291,MIN201704230,10.0
1292,MIN201705020,11.0
1293,MIN201705030,1.0
1294,MIN201705040,30.0
1295,MIN201705050,-13.0
1296,MIN201705060,-14.0
1297,MIN201705070,32.0
1298,MIN201705160,-14.0
1299,MIN201705181,-8.0
1300,MIN201705182,9.0
1301,MIN201705190,-28.0
1302,MIN201705211,20.0
1303,MIN201705212,-1.0
1304,MIN201705260,15.0
1305,MIN201705270,-4.0
1306,MIN201705280,17.0
1307,MIN201705290,6.0
1308,MIN201705300,2.0
1309,MIN201705310,13.0
1310,MIN201706120,-17.0
1311,MIN201706130,-38.0
1312,MIN201706140,9.0
1313,MIN201706150,-14.0
1314,MIN201706160,7.0
1315,MIN201706171,-16.0
1316,MIN201706172,-1.0
1317,MIN201706180,-2.0
1318,MIN201706200,7.0
1319,MIN201706210,-10.0
1320,MIN201706220,-15.0
1321,MIN201707030,-3.0
1322,MIN201707040,-21.0
1323,MIN201707050,-17.0
1324,MIN201707060,-16.0
1325,MIN201707070,-12.0
1326,MIN201707080,9.0
1327,MIN201707090,-21.0
1328,MIN201707170,-10.0
1329,MIN201707180,-5.0
1330,MIN201707190,-3.0
1331,MIN201707210,-5.0
1332,MIN201707220,-29.0
1333,MIN201707230,25.0
1334,MIN201708030,9.0
1335,MIN201708040,-15.0
1336,MIN201708050,-10.0
1337,MIN201708060,11.0
1338,MIN201708070,-8.0
1339,MIN201708080,0.0
1340,MIN201708150,14.0
1341,MIN201708171,24.0
1342,MIN201708172,1.0
1343,MIN201708180,17.0
1344,MIN201708190,1.0
1345,MIN201708200,-5.0
1346,MIN201708290,2.0
1347,MIN201708300,9.0
1348,MIN201708310,-4.0
1349,MIN201709010,-15.0
1350,MIN201709020,-10.0
1351,MIN201709030,-29.0
1352,MIN201709120,-6.0
1353,MIN201709130,-7.0
1354,MIN201709140,17.0
1355,MIN201709150,-13.0
1356,MIN201709160,-8.0
1357,MIN201709170,10.0
1358,MIN201709290,18.0
1359,MIN201709300,-13.0
1360,NYA201704100,1.0
1361,NYA201704120,-11.0
1362,NYA201704130,30.0
1363,NYA201704140,7.0
1364,NYA201704150,44.0
1365,NYA201704160,-2.0
1366,NYA201704170,-9.0
1367,NYA201704180,-3.0
1368,NYA201704190,-2.0
1369,NYA201704280,10.0
1370,NYA201704290,34.0
1371,NYA201704300,10.0
1372,NYA201705010,-24.0
1373,NYA201705020,7.0
1374,NYA201705030,34.0
1375,NYA201705110,3.0
1376,NYA201705120,3.0
1377,NYA201705141,10.0
1378,NYA201705142,36.0
1379,NYA201705220,-4.0
1380,NYA201705230,11.0
1381,NYA201705240,1.0
1382,NYA201705260,9.0
1383,NYA201705270,30.0
1384,NYA201705280,-2.0
1385,NYA201706060,16.0
1386,NYA201706070,-20.0
1387,NYA201706080,5.0
1388,NYA201706090,1.0
1389,NYA201706100,16.0
1390,NYA201706110,1.0
1391,NYA201706200,11.0
1392,NYA201706210,2.0
1393,NYA201706220,6.0
1394,NYA201706230,13.0
1395,NYA201706240,7.0
1396,NYA201706250,-4.0
1397,NYA201707030,1.0
1398,NYA201707040,3.0
1399,NYA201707050,26.0
1400,NYA201707070,12.0
1401,NYA201707080,18.0
1402,NYA201707090,34.0
1403,NYA201707250,-7.0
1404,NYA201707260,-6.0
1405,NYA201707270,8.0
1406,NYA201707280,37.0
1407,NYA201707290,14.0
1408,NYA201707300,50.0
1409,NYA201707310,20.0
1410,NYA201708010,-18.0
1411,NYA201708020,-3.0
1412,NYA201708110,17.0
1413,NYA201708120,-13.0
1414,NYA201708130,36.0
1415,NYA201708140,31.0
1416,NYA201708150,0.0
1417,NYA201708250,-4.0
1418,NYA201708260,17.0
1419,NYA201708270,-4.0
1420,NYA201708280,23.0
1421,NYA201708301,17.0
1422,NYA201708302,-13.0
1423,NYA201708310,13.0
1424,NYA201709010,-2.0
1425,NYA201709020,-6.0
1426,NYA201709030,37.0
1427,NYA201709140,3.0
1428,NYA201709150,0.0
1429,NYA201709160,20.0
1430,NYA201709170,21.0
1431,NYA201709180,-9.0
1432,NYA201709190,0.0
1433,NYA201709200,7.0
1434,NYA201709250,9.0
1435,NYA201709260,0.0
1436,NYA201709270,11.0
1437,NYA201709280,21.0
1438,NYA201709290,17.0
1439,NYA201709300,13.0
1440,NYN201704030,4.0
1441,NYN201704050,12.0
1442,NYN201704060,-16.0
1443,NYN201704070,-3.0
1444,NYN201704080,20.0
1445,NYN201704090,-4.0
1446,NYN201704180,7.0
1447,NYN201704190,-8.0
1448,NYN201704200,7.0
1449,NYN201704210,3.0
1450,NYN201704220,20.0
1451,NYN201704230,10.0
1452,NYN201704260,-25.0
1453,NYN201704270,-8.0
1454,NYN201705050,-4.0
1455,NYN201705060,-20.0
1456,NYN201705070,-5.0
1457,NYN201705080,17.0
1458,NYN201705090,-10.0
1459,NYN201705100,-12.0
1460,NYN201705190,7.0
1461,NYN201705200,23.0
1462,NYN201705210,21.0
1463,NYN201705230,6.0
1464,NYN201705240,-11.0
1465,NYN201705250,26.0
1466,NYN201705290,-3.0
1467,NYN201705300,-1.0
1468,NYN201705310,20.0
1469,NYN201706010,9.0
1470,NYN201706020,22.0
1471,NYN201706030,5.0
1472,NYN201706040,-30.0
1473,NYN201706120,-13.0
1474,NYN201706130,36.0
1475,NYN201706140,6.0
1476,NYN201706150,-21.0
1477,NYN201706160,13.0
1478,NYN201706170,-8.0
1479,NYN201706180,-20.0
1480,NYN201706300,3.0
1481,NYN201707010,-4.0
1482,NYN201707020,-1.0
1483,NYN201707140,14.0
1484,NYN201707150,19.0
1485,NYN201707160,-3.0
1486,NYN201707170,9.0
1487,NYN201707180,-19.0
1488,NYN201707190,-26.0
1489,NYN201707200,-12.0
1490,NYN201707210,-17.0
1491,NYN201707220,-8.0
1492,NYN201707230,-11.0
1493,NYN201708040,21.0
1494,NYN201708050,31.0
1495,NYN201708060,25.0
1496,NYN201708080,26.0
1497,NYN201708090,26.0
1498,NYN201708160,-10.0
1499,NYN201708170,13.0
1500,NYN201708180,-26.0
1501,NYN201708190,-4.0
1502,NYN201708200,10.0
1503,NYN201708210,-15.0
1504,NYN201708220,-9.0
1505,NYN201708230,19.0
1506,NYN201708240,20.0
1507,NYN201709040,-9.0
1508,NYN201709050,-10.0
1509,NYN201709060,-10.0
1510,NYN201709070,-6.0
1511,NYN201709080,-10.0
1512,NYN201709090,8.0
1513,NYN201709100,19.0
1514,NYN201709220,0.0
1515,NYN201709230,12.0
1516,NYN201709240,15.0
1517,NYN201709251,-3.0
1518,NYN201709252,-17.0
1519,NYN201709260,-19.0
1520,OAK201704030,18.0
1521,OAK201704040,-2.0
1522,OAK201704050,-24.0
1523,OAK201704060,7.0
1524,OAK201704140,-14.0
1525,OAK201704150,19.0
1526,OAK201704170,4.0
1527,OAK201704180,-4.0
1528,OAK201704190,-6.0
1529,OAK201704200,11.0
1530,OAK201704210,6.0
1531,OAK201704220,-8.0
1532,OAK201704230,-1.0
1533,OAK201705050,-8.0
1534,OAK201705060,18.0
1535,OAK201705070,-14.0
1536,OAK201705080,-2.0
1537,OAK201705090,22.0
1538,OAK201705100,4.0
1539,OAK201705180,17.0
1540,OAK201705190,9.0
1541,OAK201705200,7.0
1542,OAK201705210,-13.0
1543,OAK201705230,-4.0
1544,OAK201705240,-9.0
1545,OAK201706020,0.0
1546,OAK201706030,9.0
1547,OAK201706040,-17.0
1548,OAK201706050,12.0
1549,OAK201706060,5.0
1550,OAK201706070,15.0
1551,OAK201706150,19.0
1552,OAK201706160,23.0
1553,OAK201706170,31.0
1554,OAK201706180,-1.0
1555,OAK201706190,7.0
1556,OAK201706200,4.0
1557,OAK201706210,3.0
1558,OAK201706220,9.0
1559,OAK201706300,-3.0
1560,OAK201707010,-14.0
1561,OAK201707020,37.0
1562,OAK201707030,22.0
1563,OAK201707040,-9.0
1564,OAK201707050,14.0
1565,OAK201707140,24.0
1566,OAK201707150,18.0
1567,OAK201707160,11.0
1568,OAK201707170,-15.0
1569,OAK201707180,10.0
1570,OAK201707190,-6.0
1571,OAK201707280,16.0
1572,OAK201707290,1.0
1573,OAK201707300,14.0
1574,OAK201707310,-12.0
1575,OAK201708010,-15.0
1576,OAK201708080,-4.0
1577,OAK201708090,-5.0
1578,OAK201708100,-4.0
1579,OAK201708110,-5.0
1580,OAK201708120,9.0
1581,OAK201708130,3.0
1582,OAK201708140,-27.0
1583,OAK201708150,2.0
1584,OAK201708160,13.0
1585,OAK201708250,-4.0
1586,OAK201708260,-6.0
1587,OAK201708270,-1.0
1588,OAK201709040,-1.0
1589,OAK201709050,14.0
1590,OAK201709060,13.0
1591,OAK201709080,-9.0
1592,OAK201709091,40.0
1593,OAK201709092,-4.0
1594,OAK201709100,9.0
1595,OAK201709220,-5.0
1596,OAK201709230,1.0
1597,OAK201709240,-9.0
1598,OAK201709250,0.0
1599,OAK201709260,-11.0
1600,PHI201704070,38.0
1601,PHI201704080,4.0
1602,PHI201704090,-5.0
1603,PHI201704100,3.0
1604,PHI201704110,7.0
1605,PHI201704120,18.0
1606,PHI201704210,-22.0
1607,PHI201704220,3.0
1608,PHI201704230,-2.0
1609,PHI201704260,-14.0
1610,PHI201704270,-34.0
1611,PHI201705050,13.0
1612,PHI201705060,-9.0
1613,PHI201705070,5.0
1614,PHI201705090,-6.0
1615,PHI201705100,-8.0
1616,PHI201705220,-15.0
1617,PHI201705230,3.0
1618,PHI201705240,10.0
1619,PHI201705250,8.0
1620,PHI201705260,-9.0
1621,PHI201705270,-3.0
1622,PHI201705280,-17.0
1623,PHI201706020,-17.0
1624,PHI201706030,-16.0
1625,PHI201706040,12.0
1626,PHI201706140,-19.0
1627,PHI201706150,17.0
1628,PHI201706160,-9.0
1629,PHI201706170,-4.0
1630,PHI201706180,20.0
1631,PHI201706200,-6.0
1632,PHI201706210,16.0
1633,PHI201706220,6.0
1634,PHI201707030,-20.0
1635,PHI201707040,30.0
1636,PHI201707050,-4.0
1637,PHI201707060,-19.0
1638,PHI201707070,3.0
1639,PHI201707080,2.0
1640,PHI201707090,20.0
1641,PHI201707210,12.0
1642,PHI201707220,3.0
1643,PHI201707230,16.0
1644,PHI201707240,-2.0
1645,PHI201707250,-3.0
1646,PHI201707260,23.0
1647,PHI201707280,6.0
1648,PHI201707290,2.0
1649,PHI201707300,11.0
1650,PHI201707310,-5.0
1651,PHI201708100,24.0
1652,PHI201708110,5.0
1653,PHI201708120,0.0
1654,PHI201708130,-5.0
1655,PHI201708221,31.0
1656,PHI201708222,10.0
1657,PHI201708230,-4.0
1658,PHI201708240,13.0
1659,PHI201708250,15.0
1660,PHI201708260,12.0
1661,PHI201708270,8.0
1662,PHI201708280,-6.0
1663,PHI201708301,-16.0
1664,PHI201708302,-4.0
1665,PHI201709120,-21.0
1666,PHI201709130,8.0
1667,PHI201709140,21.0
1668,PHI201709150,10.0
1669,PHI201709160,6.0
1670,PHI201709170,19.0
1671,PHI201709180,28.0
1672,PHI201709190,9.0
1673,PHI201709200,1.0
1674,PHI201709210,10.0
1675,PHI201709250,3.0
1676,PHI201709260,39.0
1677,PHI201709270,20.0
1678,PHI201709290,-23.0
1679,PHI201709300,16.0
1680,PIT201704070,-27.0
1681,PIT201704080,-13.0
1682,PIT201704090,-27.0
1683,PIT201704100,3.0
1684,PIT201704110,-8.0
1685,PIT201704120,-23.0
1686,PIT201704210,-8.0
1687,PIT201704220,0.0
1688,PIT201704230,5.0
1689,PIT201704240,-19.0
1690,PIT201704250,-14.0
1691,PIT201704260,0.0
1692,PIT201705050,-16.0
1693,PIT201705060,-3.0
1694,PIT201705070,13.0
1695,PIT201705160,-11.0
1696,PIT201705170,-27.0
1697,PIT201705180,-2.0
1698,PIT201705190,-47.0
1699,PIT201705200,-19.0
1700,PIT201705210,-4.0
1701,PIT201705260,-4.0
1702,PIT201705270,-9.0
1703,PIT201705280,-21.0
1704,PIT201705290,-7.0
1705,PIT201705300,-19.0
1706,PIT201705310,7.0
1707,PIT201706080,-14.0
1708,PIT201706090,-27.0
1709,PIT201706100,-7.0
1710,PIT201706110,-28.0
1711,PIT201706120,-4.0
1712,PIT201706130,-3.0
1713,PIT201706140,-10.0
1714,PIT201706160,-17.0
1715,PIT201706170,9.0
1716,PIT201706180,-10.0
1717,PIT201706270,-14.0
1718,PIT201706280,-6.0
1719,PIT201706290,-10.0
1720,PIT201706300,-8.0
1721,PIT201707010,7.0
1722,PIT201707020,-16.0
1723,PIT201707140,-22.0
1724,PIT201707150,-27.0
1725,PIT201707160,-16.0
1726,PIT201707170,-12.0
1727,PIT201707180,-6.0
1728,PIT201707190,-9.0
1729,PIT201707200,-10.0
1730,PIT201708010,-17.0
1731,PIT201708020,1.0
1732,PIT201708030,-27.0
1733,PIT201708040,15.0
1734,PIT201708050,-1.0
1735,PIT201708060,-3.0
1736,PIT201708070,-10.0
1737,PIT201708080,4.0
1738,PIT201708170,-3.0
1739,PIT201708180,-3.0
1740,PIT201708190,-2.0
1741,PIT201708200,-8.0
1742,PIT201708210,8.0
1743,PIT201708220,14.0
1744,PIT201708230,-4.0
1745,PIT201708240,-6.0
1746,PIT201709010,-5.0
1747,PIT201709020,-20.0
1748,PIT201709030,-2.0
1749,PIT201709040,14.0
1750,PIT201709050,-30.0
1751,PIT201709060,9.0
1752,PIT201709070,-2.0
1753,PIT201709180,-5.0
1754,PIT201709190,2.0
1755,PIT201709200,2.0
1756,PIT201709220,-25.0
1757,PIT201709230,-17.0
1758,PIT201709240,11.0
1759,PIT201709260,-9.0
1760,SDN201704070,3.0
1761,SDN201704080,-23.0
1762,SDN201704090,1.0
1763,SDN201704180,-8.0
1764,SDN201704190,-24.0
1765,SDN201704200,11.0
1766,SDN201704210,-6.0
1767,SDN201704220,9.0
1768,SDN201704230,-10.0
1769,SDN201705020,19.0
1770,SDN201705030,-33.0
1771,SDN201705040,-5.0
1772,SDN201705050,28.0
1773,SDN201705060,33.0
1774,SDN201705080,21.0
1775,SDN201705090,-2.0
1776,SDN201705150,35.0
1777,SDN201705160,-15.0
1778,SDN201705170,-13.0
1779,SDN201705180,-3.0
1780,SDN201705190,10.0
1781,SDN201705200,5.0
1782,SDN201705210,-26.0
1783,SDN201705290,13.0
1784,SDN201705300,25.0
1785,SDN201705310,-1.0
1786,SDN201706020,6.0
1787,SDN201706030,7.0
1788,SDN201706040,16.0
1789,SDN201706090,17.0
1790,SDN201706100,13.0
1791,SDN201706110,17.0
1792,SDN201706120,-10.0
1793,SDN201706130,-10.0
1794,SDN201706140,1.0
1795,SDN201706230,21.0
1796,SDN201706240,-9.0
1797,SDN201706250,8.0
1798,SDN201706270,-1.0
1799,SDN201706280,-7.0
1800,SDN201706290,11.0
1801,SDN201706300,26.0
1802,SDN201707010,20.0
1803,SDN201707020,5.0
1804,SDN201707140,-6.0
1805,SDN201707150,1.0
1806,SDN201707160,1.0
1807,SDN201707240,3.0
1808,SDN201707250,-27.0
1809,SDN201707260,13.0
1810,SDN201707270,3.0
1811,SDN201707280,19.0
1812,SDN201707290,10.0
1813,SDN201707300,11.0
1814,SDN201708010,-13.0
1815,SDN201708020,-14.0
1816,SDN201708140,-1.0
1817,SDN201708150,0.0
1818,SDN201708160,6.0
1819,SDN201708170,17.0
1820,SDN201708180,9.0
1821,SDN201708190,5.0
1822,SDN201708200,22.0
1823,SDN201708280,-15.0
1824,SDN201708290,-17.0
1825,SDN201708300,-8.0
1826,SDN201709010,14.0
1827,SDN201709021,6.0
1828,SDN201709022,24.0
1829,SDN201709030,5.0
1830,SDN201709040,10.0
1831,SDN201709050,13.0
1832,SDN201709060,21.0
1833,SDN201709070,-12.0
1834,SDN201709180,14.0
1835,SDN201709190,-1.0
1836,SDN201709200,13.0
1837,SDN201709210,16.0
1838,SDN201709220,4.0
1839,SDN201709230,9.0
1840,SEA201704100,-5.0
1841,SEA201704110,-8.0
1842,SEA201704120,-25.0
1843,SEA201704140,-14.0
1844,SEA201704150,2.0
1845,SEA201704160,3.0
1846,SEA201704170,-6.0
1847,SEA201704180,-28.0
1848,SEA201704190,13.0
1849,SEA201705020,21.0
1850,SEA201705030,13.0
1851,SEA201705040,-16.0
1852,SEA201705050,-6.0
1853,SEA201705060,-20.0
1854,SEA201705070,-1.0
1855,SEA201705150,48.0
1856,SEA201705160,12.0
1857,SEA201705170,10.0
1858,SEA201705180,-20.0
1859,SEA201705190,-1.0
1860,SEA201705200,-29.0
1861,SEA201705210,1.0
1862,SEA201705310,-19.0
1863,SEA201706010,18.0
1864,SEA201706020,12.0
1865,SEA201706030,1.0
1866,SEA201706040,-5.0
1867,SEA201706060,6.0
1868,SEA201706070,5.0
1869,SEA201706080,-15.0
1870,SEA201706090,-2.0
1871,SEA201706100,-5.0
1872,SEA201706110,10.0
1873,SEA201706190,2.0
1874,SEA201706200,9.0
1875,SEA201706210,17.0
1876,SEA201706220,-7.0
1877,SEA201706230,-2.0
1878,SEA201706240,1.0
1879,SEA201706250,6.0
1880,SEA201706270,23.0
1881,SEA201706280,2.0
1882,SEA201707030,-10.0
1883,SEA201707040,6.0
1884,SEA201707050,13.0
1885,SEA201707060,-15.0
1886,SEA201707070,-11.0
1887,SEA201707080,-11.0
1888,SEA201707090,7.0
1889,SEA201707200,-4.0
1890,SEA201707210,-14.0
1891,SEA201707220,5.0
1892,SEA201707230,1.0
1893,SEA201707240,6.0
1894,SEA201707250,22.0
1895,SEA201707260,6.0
1896,SEA201707280,18.0
1897,SEA201707290,-1.0
1898,SEA201707300,7.0
1899,SEA201708100,6.0
1900,SEA201708110,-27.0
1901,SEA201708120,-27.0
1902,SEA201708130,-6.0
1903,SEA201708140,6.0
1904,SEA201708150,6.0
1905,SEA201708160,-26.0
1906,SEA201709010,-15.0
1907,SEA201709020,12.0
1908,SEA201709030,3.0
1909,SEA201709040,3.0
1910,SEA201709050,11.0
1911,SEA201709060,-15.0
1912,SEA201709080,-4.0
1913,SEA201709090,-26.0
1914,SEA201709100,-14.0
1915,SEA201709190,-25.0
1916,SEA201709200,12.0
1917,SEA201709210,18.0
1918,SEA201709220,6.0
1919,SEA201709230,4.0
1920,SFN201704100,-15.0
1921,SFN201704110,19.0
1922,SFN201704120,0.0
1923,SFN201704130,-10.0
1924,SFN201704140,-25.0
1925,SFN201704150,-23.0
1926,SFN201704160,-14.0
1927,SFN201704240,-15.0
1928,SFN201704250,-10.0
1929,SFN201704260,-17.0
1930,SFN201704270,13.0
1931,SFN201704280,-17.0
1932,SFN201704290,18.0
1933,SFN201704300,-27.0
1934,SFN201705110,-29.0
1935,SFN201705120,-27.0
1936,SFN201705130,-15.0
1937,SFN201705140,-17.0
1938,SFN201705150,-2.0
1939,SFN201705160,-13.0
1940,SFN201705170,-10.0
1941,SFN201705260,-21.0
1942,SFN201705270,-7.0
1943,SFN201705280,-12.0
1944,SFN201705290,-13.0
1945,SFN201705300,0.0
1946,SFN201705310,-11.0
1947,SFN201706090,-24.0
1948,SFN201706100,10.0
1949,SFN201706110,-19.0
1950,SFN201706130,-24.0
1951,SFN201706140,-25.0
1952,SFN201706230,-31.0
1953,SFN201706240,-12.0
1954,SFN201706250,31.0
1955,SFN201706260,-20.0
1956,SFN201706270,-4.0
1957,SFN201706280,-11.0
1958,SFN201707070,-23.0
1959,SFN201707080,-7.0
1960,SFN201707090,-13.0
1961,SFN201707170,-34.0
1962,SFN201707180,-28.0
1963,SFN201707190,7.0
1964,SFN201707200,-18.0
1965,SFN201707210,-18.0
1966,SFN201707220,-9.0
1967,SFN201707230,-1.0
1968,SFN201707240,-18.0
1969,SFN201707250,-33.0
1970,SFN201707260,-14.0
1971,SFN201708020,-2.0
1972,SFN201708030,-21.0
1973,SFN201708040,13.0
1974,SFN201708050,-22.0
1975,SFN201708060,-5.0
1976,SFN201708070,-16.0
1977,SFN201708080,-37.0
1978,SFN201708090,-7.0
1979,SFN201708170,-7.0
1980,SFN201708180,-27.0
1981,SFN201708190,-2.0
1982,SFN201708200,-9.0
1983,SFN201708210,-16.0
1984,SFN201708220,3.0
1985,SFN201708230,3.0
1986,SFN201708310,-38.0
1987,SFN201709010,-14.0
1988,SFN201709020,12.0
1989,SFN201709030,22.0
1990,SFN201709110,-2.0
1991,SFN201709120,18.0
1992,SFN201709130,-2.0
1993,SFN201709150,-5.0
1994,SFN201709160,-8.0
1995,SFN201709170,-13.0
1996,SFN201709190,-15.0
1997,SFN201709200,6.0
1998,SFN201709290,-23.0
1999,SFN201709300,9.0
2000,SLN201704020,16.0
2001,SLN201704040,5.0
2002,SLN201704060,-6.0
2003,SLN201704070,-6.0
2004,SLN201704080,15.0
2005,SLN201704090,-13.0
2006,SLN201704170,-25.0
2007,SLN201704180,-37.0
2008,SLN201704190,5.0
2009,SLN201704250,6.0
2010,SLN201704271,6.0
2011,SLN201704272,-24.0
2012,SLN201704280,-14.0
2013,SLN201704300,-17.0
2014,SLN201705010,1.0
2015,SLN201705020,10.0
2016,SLN201705040,-3.0
2017,SLN201705120,24.0
2018,SLN201705130,14.0
2019,SLN201705140,1.0
2020,SLN201705160,-17.0
2021,SLN201705170,-5.0
2022,SLN201705190,-10.0
2023,SLN201705200,-27.0
2024,SLN201705210,-11.0
2025,SLN201705290,-6.0
2026,SLN201705300,10.0
2027,SLN201705310,0.0
2028,SLN201706010,6.0
2029,SLN201706090,-15.0
2030,SLN201706100,9.0
2031,SLN201706110,11.0
2032,SLN201706131,3.0
2033,SLN201706132,-7.0
2034,SLN201706140,-7.0
2035,SLN201706150,-17.0
2036,SLN201706230,13.0
2037,SLN201706240,1.0
2038,SLN201706250,-13.0
2039,SLN201706260,-14.0
2040,SLN201706300,2.0
2041,SLN201707010,26.0
2042,SLN201707020,22.0
2043,SLN201707030,-10.0
2044,SLN201707040,1.0
2045,SLN201707050,-9.0
2046,SLN201707060,20.0
2047,SLN201707070,5.0
2048,SLN201707080,-1.0
2049,SLN201707090,-17.0
2050,SLN201707240,9.0
2051,SLN201707250,-5.0
2052,SLN201707260,12.0
2053,SLN201707270,7.0
2054,SLN201707280,-17.0
2055,SLN201707290,20.0
2056,SLN201707300,24.0
2057,SLN201708090,-10.0
2058,SLN201708100,-6.0
2059,SLN201708110,0.0
2060,SLN201708120,-3.0
2061,SLN201708130,-28.0
2062,SLN201708220,24.0
2063,SLN201708230,17.0
2064,SLN201708240,-9.0
2065,SLN201708250,6.0
2066,SLN201708260,-15.0
2067,SLN201708270,34.0
2068,SLN201709080,4.0
2069,SLN201709090,25.0
2070,SLN201709100,-2.0
2071,SLN201709120,-1.0
2072,SLN201709130,-9.0
2073,SLN201709140,9.0
2074,SLN201709250,-3.0
2075,SLN201709260,45.0
2076,SLN201709270,-4.0
2077,SLN201709280,22.0
2078,SLN201709290,3.0
2079,SLN201709300,5.0
2080,TBA201704020,-5.0
2081,TBA201704040,-10.0
2082,TBA201704050,-9.0
2083,TBA201704060,3.0
2084,TBA201704070,24.0
2085,TBA201704080,3.0
2086,TBA201704090,1.0
2087,TBA201704180,5.0
2088,TBA201704190,13.0
2089,TBA201704200,-2.0
2090,TBA201704210,2.0
2091,TBA201704220,-1.0
2092,TBA201704230,-5.0
2093,TBA201705030,0.0
2094,TBA201705040,7.0
2095,TBA201705050,40.0
2096,TBA201705060,4.0
2097,TBA201705070,-5.0
2098,TBA201705080,16.0
2099,TBA201705090,4.0
2100,TBA201705100,8.0
2101,TBA201705110,-9.0
2102,TBA201705190,12.0
2103,TBA201705200,17.0
2104,TBA201705210,33.0
2105,TBA201705220,24.0
2106,TBA201705230,-1.0
2107,TBA201705240,10.0
2108,TBA201705250,-21.0
2109,TBA201706060,27.0
2110,TBA201706070,-6.0
2111,TBA201706080,-4.0
2112,TBA201706090,4.0
2113,TBA201706101,-5.0
2114,TBA201706102,9.0
2115,TBA201706110,-2.0
2116,TBA201706190,12.0
2117,TBA201706200,-1.0
2118,TBA201706210,16.0
2119,TBA201706230,-14.0
2120,TBA201706240,25.0
2121,TBA201706250,14.0
2122,TBA201707060,3.0
2123,TBA201707070,21.0
2124,TBA201707080,-22.0
2125,TBA201707090,6.0
2126,TBA201707210,1.0
2127,TBA201707220,10.0
2128,TBA201707230,43.0
2129,TBA201707240,-8.0
2130,TBA201707250,-9.0
2131,TBA201707260,13.0
2132,TBA201708040,16.0
2133,TBA201708050,2.0
2134,TBA201708060,13.0
2135,TBA201708080,5.0
2136,TBA201708090,-2.0
2137,TBA201708100,10.0
2138,TBA201708110,14.0
2139,TBA201708120,27.0
2140,TBA201708130,21.0
2141,TBA201708180,-7.0
2142,TBA201708190,15.0
2143,TBA201708200,13.0
2144,TBA201708220,-3.0
2145,TBA201708230,9.0
2146,TBA201708240,20.0
2147,TBA201709040,16.0
2148,TBA201709050,-9.0
2149,TBA201709060,18.0
2150,TBA201709110,17.0
2151,TBA201709120,5.0
2152,TBA201709130,5.0
2153,TBA201709150,27.0
2154,TBA201709160,-23.0
2155,TBA201709170,1.0
2156,TBA201709190,8.0
2157,TBA201709200,2.0
2158,TBA201709290,31.0
2159,TBA201709300,-10.0
2160,TEX201704030,3.0
2161,TEX201704040,6.0
2162,TEX201704050,20.0
2163,TEX201704070,-12.0
2164,TEX201704080,-1.0
2165,TEX201704090,31.0
2166,TEX201704200,-5.0
2167,TEX201704210,-3.0
2168,TEX201704220,-25.0
2169,TEX201704230,8.0
2170,TEX201704240,-19.0
2171,TEX201704250,-9.0
2172,TEX201704260,-2.0
2173,TEX201704280,-2.0
2174,TEX201704290,7.0
2175,TEX201704300,5.0
2176,TEX201705100,-7.0
2177,TEX201705110,-28.0
2178,TEX201705120,-23.0
2179,TEX201705130,-24.0
2180,TEX201705140,-32.0
2181,TEX201705160,9.0
2182,TEX201705170,-33.0
2183,TEX201705180,11.0
2184,TEX201705290,7.0
2185,TEX201705300,-1.0
2186,TEX201705310,-10.0
2187,TEX201706020,18.0
2188,TEX201706030,5.0
2189,TEX201706040,19.0
2190,TEX201706060,-9.0
2191,TEX201706070,17.0
2192,TEX201706160,6.0
2193,TEX201706170,6.0
2194,TEX201706180,5.0
2195,TEX201706190,28.0
2196,TEX201706200,-7.0
2197,TEX201706210,-6.0
2198,TEX201706220,-3.0
2199,TEX201707030,7.0
2200,TEX201707040,17.0
2201,TEX201707050,3.0
2202,TEX201707070,-1.0
2203,TEX201707080,8.0
2204,TEX201707090,1.0
2205,TEX201707240,-17.0
2206,TEX201707250,0.0
2207,TEX201707260,12.0
2208,TEX201707280,4.0
2209,TEX201707290,7.0
2210,TEX201707300,12.0
2211,TEX201707310,11.0
2212,TEX201708010,-12.0
2213,TEX201708020,-1.0
2214,TEX201708110,-4.0
2215,TEX201708120,9.0
2216,TEX201708130,-3.0
2217,TEX201708140,-24.0
2218,TEX201708150,15.0
2219,TEX201708160,22.0
2220,TEX201708170,12.0
2221,TEX201708180,4.0
2222,TEX201708190,-6.0
2223,TEX201708200,-1.0
2224,TEX201709010,-12.0
2225,TEX201709020,5.0
2226,TEX201709030,18.0
2227,TEX201709080,13.0
2228,TEX201709090,-2.0
2229,TEX201709100,2.0
2230,TEX201709110,15.0
2231,TEX201709120,-13.0
2232,TEX201709130,11.0
2233,TEX201709140,4.0
2234,TEX201709250,4.0
2235,TEX201709260,12.0
2236,TEX201709270,-8.0
2237,TEX201709280,-2.0
2238,TEX201709290,-3.0
2239,TEX201709300,-6.0
2240,TOR201704110,7.0
2241,TOR201704120,-16.0
2242,TOR201704130,12.0
2243,TOR201704140,17.0
2244,TOR201704150,7.0
2245,TOR201704160,-9.0
2246,TOR201704180,-15.0
2247,TOR201704190,-12.0
2248,TOR201704200,22.0
2249,TOR201704280,0.0
2250,TOR201704290,-3.0
2251,TOR201704300,6.0
2252,TOR201705080,6.0
2253,TOR201705090,-4.0
2254,TOR201705100,-2.0
2255,TOR201705110,8.0
2256,TOR201705120,-32.0
2257,TOR201705130,-22.0
2258,TOR201705140,10.0
2259,TOR201705150,-6.0
2260,TOR201705160,-10.0
2261,TOR201705260,16.0
2262,TOR201705270,12.0
2263,TOR201705280,-22.0
2264,TOR201705290,-26.0
2265,TOR201705300,33.0
2266,TOR201705310,25.0
2267,TOR201706010,5.0
2268,TOR201706020,4.0
2269,TOR201706030,2.0
2270,TOR201706040,-4.0
2271,TOR201706130,-5.0
2272,TOR201706140,-8.0
2273,TOR201706160,0.0
2274,TOR201706170,-10.0
2275,TOR201706180,-11.0
2276,TOR201706270,-2.0
2277,TOR201706280,18.0
2278,TOR201706290,-15.0
2279,TOR201706300,19.0
2280,TOR201707010,10.0
2281,TOR201707020,-11.0
2282,TOR201707060,-9.0
2283,TOR201707070,12.0
2284,TOR201707080,9.0
2285,TOR201707090,15.0
2286,TOR201707240,8.0
2287,TOR201707250,7.0
2288,TOR201707260,9.0
2289,TOR201707270,24.0
2290,TOR201707280,-26.0
2291,TOR201707290,-2.0
2292,TOR201707300,-15.0
2293,TOR201708080,-15.0
2294,TOR201708090,14.0
2295,TOR201708100,11.0
2296,TOR201708110,-12.0
2297,TOR201708120,-1.0
2298,TOR201708130,24.0
2299,TOR201708140,-10.0
2300,TOR201708150,-23.0
2301,TOR201708160,1.0
2302,TOR201708170,-4.0
2303,TOR201708250,-38.0
2304,TOR201708260,-3.0
2305,TOR201708270,19.0
2306,TOR201708280,-12.0
2307,TOR201708290,3.0
2308,TOR201708300,0.0
2309,TOR201709080,-11.0
2310,TOR201709090,-3.0
2311,TOR201709100,-4.0
2312,TOR201709110,9.0
2313,TOR201709120,-16.0
2314,TOR201709130,5.0
2315,TOR201709190,-10.0
2316,TOR201709200,-14.0
2317,TOR201709210,-1.0
2318,TOR201709220,4.0
2319,TOR201709230,7.0
2320,WAS201704030,-11.0
2321,WAS201704050,-2.0
2322,WAS201704060,3.0
2323,WAS201704100,-32.0
2324,WAS201704110,-4.0
2325,WAS201704120,9.0
2326,WAS201704140,3.0
2327,WAS201704150,-32.0
2328,WAS201704160,-21.0
2329,WAS201704280,21.0
2330,WAS201704290,-11.0
2331,WAS201704300,19.0
2332,WAS201705020,21.0
2333,WAS201705030,24.0
2334,WAS201705040,19.0
2335,WAS201705100,27.0
2336,WAS201705130,7.0
2337,WAS201705141,-26.0
2338,WAS201705142,6.0
2339,WAS201705230,-15.0
2340,WAS201705240,-25.0
2341,WAS201705250,18.0
2342,WAS201705260,27.0
2343,WAS201705270,12.0
2344,WAS201705280,-13.0
2345,WAS201706080,18.0
2346,WAS201706090,-13.0
2347,WAS201706100,25.0
2348,WAS201706110,-1.0
2349,WAS201706120,10.0
2350,WAS201706130,-17.0
2351,WAS201706140,-8.0
2352,WAS201706230,15.0
2353,WAS201706240,-15.0
2354,WAS201706250,-13.0
2355,WAS201706260,-2.0
2356,WAS201706270,-8.0
2357,WAS201706280,22.0
2358,WAS201706290,10.0
2359,WAS201707030,-3.0
2360,WAS201707040,-3.0
2361,WAS201707060,-9.0
2362,WAS201707070,6.0
2363,WAS201707080,-21.0
2364,WAS201707090,-1.0
2365,WAS201707250,-1.0
2366,WAS201707260,10.0
2367,WAS201707270,28.0
2368,WAS201707290,17.0
2369,WAS201707301,-7.0
2370,WAS201707302,7.0
2371,WAS201708070,1.0
2372,WAS201708080,-14.0
2373,WAS201708090,2.0
2374,WAS201708100,-19.0
2375,WAS201708120,-14.0
2376,WAS201708131,-6.0
2377,WAS201708132,35.0
2378,WAS201708150,6.0
2379,WAS201708160,-4.0
2380,WAS201708250,9.0
2381,WAS201708260,-32.0
2382,WAS201708271,-6.0
2383,WAS201708272,-6.0
2384,WAS201708280,13.0
2385,WAS201708290,-2.0
2386,WAS201708300,-16.0
2387,WAS201709070,-1.0
2388,WAS201709080,-8.0
2389,WAS201709090,19.0
2390,WAS201709100,1.0
2391,WAS201709120,-19.0
2392,WAS201709130,4.0
2393,WAS201709140,-4.0
2394,WAS201709150,24.0
2395,WAS201709160,16.0
2396,WAS201709170,21.0
2397,WAS201709280,7.0
2398,WAS201709290,12.0
2399,WAS201709300,-7.0
